company_id,week_index,news_volume_7d,news_volume_spike_pct,layoff_mentions_7d,hiring_freeze_mentions_7d,executive_exit_count_30d,lawsuit_mentions_30d,regulatory_mentions_30d,customer_complaints_7d,outage_mentions_7d,product_delay_mentions_30d,debt_liquidity_mentions_30d,job_postings_drop_pct,negative_employee_sentiment_pct,negative_customer_sentiment_pct,stock_drop_pct_30d,revenue_guidance_cut,major_partnership_30d,funding_or_expansion_30d,risk_score,risk_class
39,48,18,-26.246414137022647,4,1,0,0,0,4,1,0,0,40.928649291790435,38.08274346476348,27.17618835819326,2.9084603886359317,0,0,0,71.7,2
29,21,21,-17.65770453070855,0,1,0,0,0,4,1,0,1,6.2948237547817065,33.45914001837076,81.83389442619125,-7.837280742676818,0,0,0,48.9,1
15,39,12,-1.3547389577878928,1,0,1,0,1,9,1,1,1,-38.12958857821539,7.253394111541375,0.0,-24.167722185851098,0,1,0,34.4,1
43,36,16,-10.508595613267392,1,1,0,2,0,5,0,0,0,3.933292065688338,36.68063949445697,78.57869476153809,-0.9170903197857778,0,0,0,58.6,1
8,33,19,-10.429636665224884,0,3,1,1,0,4,1,2,0,10.186669970351451,52.70723920512164,27.47268003887723,1.2898685546728184,0,0,0,65.2,1
21,30,14,-42.35301569159443,1,1,1,0,2,3,0,0,0,-10.157802453161935,30.8076162651756,34.45604203437721,4.9220429128273135,0,0,0,48.3,1
39,37,13,24.72642368514669,2,0,1,1,1,6,0,0,1,24.16446910630218,0.0,17.914211367817018,19.97016437715893,0,1,0,60.9,1
19,23,13,18.468012571740886,2,0,1,3,0,2,0,0,1,-24.169037395463043,41.154588990607465,0.0,-6.1319878261739404,0,0,1,37.2,1
23,10,15,-32.471229995091136,0,0,0,0,1,6,2,1,1,4.969695820733277,45.85220081446677,19.432064559592476,-2.1485280492060754,0,0,0,53.2,1
11,5,24,46.42989399890616,2,1,0,1,0,6,2,2,0,-24.422695829554755,24.444582617097588,22.686260302550895,13.72648636669706,0,0,1,57.2,1
11,36,18,52.02730787326219,0,2,0,0,0,6,2,0,1,1.4948702159342133,24.576891175893955,33.65603425461482,-7.535309604145837,0,0,1,36.1,1
24,34,17,-8.772638744502853,0,0,0,3,2,5,0,0,0,23.578856930896173,75.64141340463766,52.42276690020702,5.152493403318694,0,0,0,75.2,2
36,52,23,39.163714774425145,1,0,0,2,0,3,0,1,2,4.443041601281099,23.152142620842152,33.8146145321423,-2.7159481899009874,0,0,1,39.2,1
40,31,15,-4.324945124773651,0,1,0,0,0,4,0,0,0,3.158822837822717,14.806142605983474,34.1628352656528,-0.41074135795996947,0,0,0,27.8,0
24,10,19,14.52791275527652,0,1,0,0,0,4,1,0,1,8.61094172777694,35.4520535124682,37.68735433033612,13.614028448949478,0,0,0,45.9,1
3,19,15,-10.894053375522724,3,0,0,0,0,5,2,0,0,9.710884317395651,45.347161863867186,0.0,-2.2283427837261627,0,0,0,48.2,1
22,32,14,65.3562880865569,1,0,0,2,1,4,1,1,1,23.26254225554893,44.58380711678569,0.0,14.070416101357685,0,1,0,62.3,1
2,1,17,2.599569316752553,0,0,0,1,0,4,0,0,0,23.395945908310345,0.0,0.060220222714018945,-24.334063514872213,0,0,0,20.6,0
24,5,14,13.161225570586558,3,0,0,1,0,5,1,0,0,39.27730943226668,23.1068328939985,22.534522840092915,-17.014605434872458,1,0,0,57.5,1
44,45,19,-7.198434686595675,1,1,0,1,0,5,0,1,0,11.68757368164632,55.75198481231732,0.0,-29.454801270483884,0,0,0,46.4,1
30,4,19,56.53288993090987,2,1,0,1,1,5,2,1,1,-28.535938892420383,40.88041037615071,16.204249105417894,-13.320788640337536,0,0,0,62.8,1
38,16,18,57.16536615223526,2,0,0,0,0,7,2,0,1,26.874869191735552,12.755754592884333,2.635015100379686,28.99581127988841,0,0,0,65.2,1
2,24,9,50.773229531573506,1,0,0,1,0,3,0,0,1,37.69613810250101,57.363367542131684,39.754308523973634,2.75449727843166,0,0,0,61.5,1
21,16,12,33.911008708690545,3,1,0,1,0,2,1,1,1,62.157290378066115,52.3681589439112,38.75311257816501,-7.098238506404396,0,0,0,79.6,2
33,2,22,-5.619738673351314,1,1,0,1,0,4,0,1,0,39.93752937709012,29.66117105558831,23.987119205280695,13.959295549893929,0,1,1,36.8,1
12,49,20,30.696252399060448,1,1,1,0,0,4,2,1,2,-2.786565025732795,50.830409362600456,0.0,15.936154801600413,0,0,0,68.8,2
22,28,19,9.823930026881612,1,1,0,0,0,6,0,1,1,12.118048604748854,70.99560497524436,25.257121811276484,-14.091869396875364,1,0,0,75.4,2
44,32,17,42.8102155435658,0,1,0,0,0,3,0,1,0,2.0462115761143345,16.02115648558251,36.57252230752205,37.97480165163758,0,0,0,34.3,1
25,27,29,37.897551334134036,1,0,2,0,0,5,1,0,1,-0.9435923522695351,44.99803127965272,46.21453334478029,6.868631802014779,0,1,0,53.0,1
49,20,13,-6.231639451898111,1,0,0,0,0,5,2,1,1,5.503321401594137,70.74700596958414,65.06809254625941,8.632927838360777,0,0,0,56.6,1
27,24,21,33.695645070930404,0,1,1,0,1,5,3,1,0,36.28634824692742,46.75453195931953,52.36996360843366,9.961264119010066,1,0,0,83.2,2
42,12,23,27.05086125109816,1,1,0,0,0,5,3,1,0,-26.96176825924927,21.42110853144255,33.29553058135859,9.931930180643622,0,1,0,36.3,1
28,50,22,-50.0,0,0,0,2,0,3,1,0,0,-14.056003912569487,39.300438327944974,24.295173193852495,-5.700627666002688,0,0,1,19.6,0
16,35,13,30.023415990736556,1,0,0,1,0,10,0,1,1,34.82884649646584,59.65789867914252,15.141318074174393,32.57527007347923,0,0,0,80.6,2
15,33,22,-0.7948947160051549,1,3,2,0,1,5,1,1,0,39.980699829626936,16.716203595365105,57.11323791779856,-0.9926382544112324,0,0,0,73.2,2
47,33,18,-12.151061358291837,0,1,0,1,1,4,1,0,0,-6.50890558298758,34.458259268770405,33.331811593982145,16.405248887006564,0,1,0,37.1,1
44,51,24,-11.081515107343566,1,0,1,1,0,4,2,0,0,44.316463574714774,30.617309207928816,42.61088417366904,-3.649084711097469,0,0,0,54.0,1
3,43,22,6.618927609199215,0,4,0,1,1,7,0,0,1,29.469405832770537,23.634590538425655,18.19560524141285,-6.131731043446402,0,1,0,55.4,1
37,37,16,22.001489502167082,1,0,1,0,0,3,1,0,0,2.1092550069969773,39.347987632575126,5.181818689803848,29.62610458551386,0,0,1,48.9,1
7,12,15,-24.136550554804508,1,1,0,0,0,6,3,2,1,-45.57584258380785,33.187089426992415,21.99324563454546,1.4828054873362366,0,0,1,34.0,1
21,3,18,14.746195905311607,3,2,0,1,1,2,0,1,1,-28.696333160689534,46.580303232255524,23.941434683887472,2.5224991861463764,0,0,0,72.9,2
9,1,24,24.4189516548268,2,1,1,1,1,4,1,2,0,-6.4798871274121534,55.537450896615766,33.83544867288276,6.9706408770701405,0,0,0,88.1,2
39,33,18,56.54514459174079,2,0,0,1,1,4,0,0,1,24.71861360311621,12.089052431828971,15.251322220320493,39.42478659849123,0,0,0,69.8,2
18,40,20,-16.917254230628252,2,0,0,2,1,4,1,0,0,24.78820054005412,36.21555915164882,30.499397267639292,33.362656350899975,0,0,0,68.2,2
4,10,26,1.2596953305549086,0,0,1,0,1,8,0,0,0,-2.2618822219511276,34.04372950241978,53.55412708710036,20.972956516560824,0,0,0,42.6,1
25,43,16,16.541574317411975,5,0,0,0,0,5,1,1,0,2.9119661620233233,38.66146412101248,0.0,42.9507161583663,0,0,0,79.1,2
14,44,22,38.685233254790155,0,0,0,2,0,8,2,1,0,7.285410301278528,34.72152479419318,0.0,-10.224074078892722,0,0,1,43.0,1
50,29,18,2.394402970704652,0,2,0,1,0,5,2,1,1,3.1877637150819726,17.34806757985938,54.91827697236915,12.182375869679454,0,1,0,46.4,1
9,13,22,39.96603429977628,2,0,1,0,0,7,0,0,0,11.599942800713459,61.18549163667059,0.7274708393542575,4.061521033726136,1,0,0,63.8,1
26,12,15,-38.434057911911495,2,1,1,1,2,8,2,0,1,7.339094551540435,68.85370063164767,22.398560662150928,-21.767228248501993,0,1,0,69.1,2
2,31,21,-21.33370482804715,1,0,1,1,1,3,3,0,0,-28.832997280023328,44.84401466213032,42.16959362612975,9.483357029292856,0,0,0,40.7,1
20,46,19,18.716108608355515,0,0,0,1,0,4,0,0,2,3.4336455431760724,45.7658320357008,28.81547662658454,-3.8715707187966864,0,1,0,33.7,1
28,2,24,-25.27061245219688,1,1,1,0,1,6,1,1,0,7.502847673012145,37.35888495130112,28.534242419928507,24.46901177372433,0,0,0,62.5,1
47,51,23,-19.361763169167922,0,1,0,2,1,4,3,0,0,29.77558561040524,52.445657992022035,31.44793295636597,-2.5303061021371596,0,0,0,64.6,1
7,50,23,-3.1944216061484827,2,1,0,0,1,4,1,1,0,-10.288734896086261,0.0,80.37428198588927,-3.3264875691197977,0,1,0,43.4,1
44,35,17,29.2859747978956,1,1,0,1,0,6,0,2,0,12.48591772958789,34.9304789817465,65.61249911834429,24.462963561918265,0,1,0,66.1,2
8,23,13,-37.39912103268223,2,2,0,0,0,2,2,0,2,20.38247991907529,24.69271395148079,16.125493822632315,2.0836443020896,1,0,0,79.4,2
47,17,21,14.257459054059854,0,3,0,0,3,4,0,0,0,4.736362066227936,37.62472576438321,51.01776481893739,19.28028771246018,0,0,0,62.1,1
35,26,20,35.82409867882015,2,0,0,0,0,2,2,1,1,-30.605553478167387,54.66729617311594,40.11015515183591,8.941032158926186,0,0,0,54.5,1
14,8,18,5.12636978927604,0,0,0,1,0,8,2,1,0,30.221518453059474,35.342615171889385,29.60970394496597,9.128800458248618,1,0,0,67.0,2
17,29,16,0.7792442601864931,2,1,0,0,0,7,1,0,0,24.43710710458527,28.511137903927917,11.842623830451814,-0.41666322032569036,1,1,1,45.3,1
36,26,25,20.044282063964342,1,0,0,0,0,2,0,2,0,13.033014360543003,9.741121464671949,39.02736062890933,10.03094063989811,0,0,0,31.3,0
50,10,17,5.197223681963999,1,3,1,0,1,5,1,2,1,8.887268819561166,33.033022780068976,23.87909069871165,1.1591146321508448,0,1,0,67.3,2
40,26,27,44.76249453101867,1,1,0,1,0,6,0,0,0,-31.191347790135886,47.10099854439223,22.408798501416822,-8.253248267189162,0,0,0,43.2,1
4,34,19,-17.785325303360874,1,0,0,1,0,7,1,0,1,25.04244598958165,19.860413713784567,14.658572973622572,1.5404395855696364,0,0,0,55.8,1
2,51,19,8.708896120872875,0,0,0,0,0,7,4,0,1,40.700712953224276,0.0,49.99647042124853,21.029631041450802,0,1,0,53.8,1
6,41,19,15.142159374017105,1,0,1,1,0,7,1,1,0,-16.502401449281237,75.93632272180452,14.64523962741236,10.504129158279127,0,0,0,61.3,1
42,7,25,0.5386487038385095,1,0,0,2,1,6,1,1,1,37.59041043797477,41.03315871381253,14.767095221284727,13.758170238574724,0,0,0,79.8,2
4,4,13,-50.0,1,1,1,0,1,5,0,0,0,32.89207151959783,31.011675405362745,45.55875535160613,3.0205432001895476,0,0,1,46.7,1
29,50,19,5.977377298770178,0,1,1,1,0,5,1,2,0,-17.150297113700855,60.037906493678705,27.113390643938118,-24.129062186540935,0,0,0,49.0,1
18,45,26,32.50442467281166,0,0,1,0,0,8,2,0,0,-0.6711591857637078,37.546628146708464,27.651629524280814,-14.099998977867063,0,0,0,47.9,1
26,11,23,29.452729653150435,1,1,0,0,2,7,2,0,0,-22.69962814841274,58.97657260936221,50.65786968183344,-1.0460777496141436,0,0,0,64.3,1
44,29,25,18.86946205425499,1,1,0,0,0,4,0,0,0,6.566956613964461,57.43450188579001,56.27401223583871,-12.890872837242028,0,0,0,49.9,1
34,36,18,-17.446558958730588,1,0,0,1,0,5,1,0,0,17.862986373463457,12.05862427006765,0.0,-4.34100587627081,0,1,0,20.4,0
10,25,17,19.882736561462096,2,0,0,0,1,8,0,0,1,-21.05029888244598,43.279903095434996,27.4245149043151,-4.84776397599883,0,0,0,48.0,1
36,21,16,-4.335945538555951,1,2,0,1,0,5,3,2,0,16.48766105274337,66.0551418254482,1.7947094365200655,-4.425722361785924,0,1,0,56.7,1
14,36,17,18.83707264871667,4,3,0,0,0,2,1,1,0,22.06076679652687,17.024287573739475,22.264133242853482,23.12037797425757,0,0,0,74.8,2
31,10,25,13.037625285042887,0,1,1,1,0,3,1,1,2,22.37653043681214,17.245257343057833,29.865276877717953,2.258304150986584,0,0,1,62.1,1
48,37,16,-14.409381782084292,2,1,0,2,0,7,1,1,1,17.99905658588382,20.29038074896374,22.902908538515685,16.085382213407485,0,0,0,67.5,2
15,9,17,-12.311395983922587,0,0,1,1,0,3,0,0,0,-19.026794880379963,51.02753453882373,9.49449138660598,5.295229223812364,0,0,0,36.7,1
8,24,17,18.87556136053791,0,0,1,0,0,8,1,1,0,5.327571591899012,40.11894283154469,8.479867245704096,22.82045250724158,0,0,0,41.6,1
14,35,13,4.472172617787456,0,2,0,2,1,1,0,2,0,15.751746426909186,0.15609804488673973,44.558827780645004,17.29371447206676,0,0,1,57.5,1
23,49,17,-11.007035766428224,2,1,1,3,0,5,1,0,0,40.14256369146014,41.1370302233048,60.696196122077154,-5.281222175387942,0,0,0,72.4,2
40,35,16,-13.070754743170827,1,0,0,0,1,3,0,0,0,8.054248248725433,30.465531208319163,0.0,30.462812626174507,0,1,0,33.7,1
21,48,20,2.404228800344603,0,1,0,0,0,5,1,1,2,17.361908474067178,32.979034364296965,23.447626678689684,-3.3633136982578318,0,0,0,57.0,1
16,36,20,49.20261986795525,3,0,0,1,0,5,1,0,1,-12.504589900194429,19.93363826405993,44.63928274788634,5.800009321643254,0,0,0,64.8,1
45,18,29,-3.15195080529897,3,1,0,1,0,2,1,1,0,-17.40766879564918,41.2686479872544,29.34792479198303,8.278375662424587,0,0,0,53.9,1
18,49,17,9.649511543560283,1,0,0,0,0,7,1,0,0,-20.22758377406854,53.90824904552525,7.726267561889209,9.837106643002969,0,0,0,32.3,0
47,39,19,12.541107192237751,0,1,0,0,0,2,3,1,0,-1.2459020304388204,23.44460538801536,20.444211918728442,14.146518529667283,0,0,0,45.7,1
24,32,21,-18.275659787298572,0,0,1,1,0,4,0,1,0,53.365125366150906,4.715791443135473,36.043004748637166,-7.594981862467673,0,0,0,47.3,1
26,24,24,-34.07081209606738,0,0,0,1,1,5,1,0,1,-0.8456777076767086,29.54394221269913,23.856157812392887,12.972693735387141,0,0,0,50.7,1
25,23,14,-15.666018368393274,2,1,1,0,0,4,3,0,0,16.02177978672512,48.613161114840125,29.0404013216288,11.136037798121421,0,0,1,61.1,1
45,32,18,16.176934445157578,0,3,0,0,0,4,3,0,0,20.256155088561897,27.42145377447509,29.616790048367164,3.0066084870471883,1,0,1,46.1,1
41,37,17,12.18327644788523,6,1,1,1,1,5,0,1,0,-16.013640398795506,8.0441186991171,19.514367806834095,0.34359094464314577,1,0,0,85.0,2
29,12,17,27.56016422877663,1,0,1,0,1,4,1,1,1,-1.5723507134670545,48.73837128054885,46.331380479420694,-8.313423037359916,0,0,0,57.3,1
15,49,19,12.418747373977912,0,0,1,0,0,4,2,0,2,21.737133056515532,60.47626664596963,20.450168063177998,9.724916269742339,0,1,0,51.6,1
45,13,27,7.261267713269911,0,0,0,0,0,5,1,0,0,17.423203111727304,35.360279901996634,9.890640155355165,-6.246573279416145,0,0,1,16.2,0
1,23,15,-5.1003068731281775,2,1,1,2,0,7,0,1,2,-35.86788178694331,6.095764520331237,74.59278866846395,6.330330782795075,1,0,0,90.1,2
25,25,17,32.11516974656732,0,0,0,2,0,6,0,0,1,21.077027787059542,29.279050243648207,28.444118211251652,1.581393680546737,0,0,1,46.2,1
7,35,13,-12.979503468017917,2,1,1,2,0,6,0,1,0,-4.121788598563258,37.727699854854876,0.0,-15.678250580489156,0,1,0,48.5,1
9,41,20,-17.75998793240052,1,1,0,0,0,8,1,0,0,-3.5459783184430353,20.425160469468935,55.09489674675307,-10.068139194221907,0,0,0,36.9,1
24,30,14,24.176387934702575,2,2,0,2,0,5,1,0,1,16.90704524519941,45.500700162885465,55.03057738427798,8.666862008829476,0,0,0,85.1,2
1,17,20,-23.328932766341374,2,0,0,0,0,2,1,0,0,41.50459033864345,18.665699931803612,39.14351062314063,-4.340453595571711,0,1,0,33.1,1
44,49,12,70.36977496646578,0,0,1,0,1,4,0,1,0,3.590438212724049,35.46129810323645,42.63270419641337,-4.817882358825461,0,0,1,36.3,1
8,20,13,11.999834513978584,0,1,0,3,2,6,0,0,0,33.939104741863844,30.89020248190947,73.19484625336273,-7.695263631420932,0,0,0,67.3,2
24,48,14,18.697652908122137,0,0,1,1,0,3,1,0,0,-23.70030089340063,46.08538636670155,10.74396472063005,-7.220161320102804,0,0,0,34.0,1
11,25,14,-10.210495613084674,1,0,0,0,0,3,2,1,1,10.876353610066872,34.74315480329796,32.664801079496236,25.997331249988868,1,0,0,61.3,1
17,22,17,2.118378893961343,0,1,0,0,1,5,1,1,0,-3.9032189304177543,31.463149398573314,69.3940535810224,-12.679147918064634,0,0,0,47.9,1
8,13,14,-0.6689279220588524,2,1,0,2,2,5,3,0,0,14.204153708633338,20.548425675789286,73.63138161936416,23.62064543931249,0,0,0,84.7,2
35,19,24,-3.545874691716042,2,0,0,1,0,6,1,1,0,1.4812371387277565,35.62584226267883,22.678153741845257,-1.6302370911759008,0,0,0,47.7,1
35,49,11,25.824043787745662,0,2,0,1,0,2,0,1,0,-21.5033512172037,30.31626497553905,70.20301700178267,-6.15256289609027,0,0,1,35.4,1
33,36,19,-1.2394009556320302,2,1,1,2,1,6,0,1,0,-11.523005981625126,19.330455387895867,46.05261402647234,8.37352989363777,0,1,0,59.0,1
5,12,24,35.43753072710453,1,1,0,0,0,4,0,1,0,-28.150423756844894,37.8708384395318,59.9042899573714,3.7425709797862594,0,0,0,38.7,1
42,41,16,76.5795587529956,0,2,0,1,1,3,0,0,0,-20.75182703687179,41.55148412100977,45.39641806315573,0.23500068783870187,0,0,0,40.7,1
39,19,16,2.6114689963362725,1,0,1,0,1,4,1,0,0,18.56713624725105,28.90867000297732,36.108924877207464,6.078370826908593,0,0,0,41.2,1
41,12,15,13.807887839415605,0,1,0,0,0,2,3,0,0,2.4771831431411044,51.76824615914762,74.18774251805839,3.5207747571077475,0,0,0,50.2,1
28,9,17,19.487051429137686,4,0,0,0,1,6,0,0,1,13.07901702281793,39.751537569850846,19.427800715245148,-0.018368518757764907,1,0,0,85.8,2
7,7,17,55.287620314837916,1,2,1,1,0,8,1,0,0,47.942704595091584,11.8906300365445,68.04566280707942,16.09944130951036,0,0,0,73.7,2
9,28,27,7.933805374045276,5,1,0,1,0,5,0,1,1,1.4886205493302622,59.07309190844628,71.21377867455837,-17.257674017156244,0,0,0,83.4,2
8,14,13,-10.725422991459066,1,0,0,0,0,6,0,1,0,21.954246530009236,48.805782764840664,57.26096642553503,-9.805307524301785,0,0,0,36.8,1
12,31,18,-21.658512640642606,0,0,1,1,0,5,0,0,0,8.618981268427607,53.03296180270756,28.56542036377998,-8.03501234222681,0,0,0,28.7,0
34,52,22,8.550401314194145,2,2,1,0,0,5,1,0,0,68.77905972009304,42.209053223529864,34.88870695958036,-11.811113268124727,0,0,1,64.0,1
33,19,18,-1.209505476347056,6,0,0,1,0,6,1,0,2,-58.38823164044251,0.0,4.503887694542467,4.202972530653689,0,0,0,58.5,1
48,47,15,60.25023223250004,0,0,0,0,0,4,1,1,0,-7.788570071386673,54.66713464262287,20.948400601136196,10.075873827042884,0,1,0,25.4,0
23,16,18,54.246560516924156,2,1,0,1,2,4,0,0,0,22.38852743309258,36.0941782997597,42.414235062103565,-24.4754269232929,0,0,0,62.6,1
24,5,15,-15.859320698089949,2,2,1,0,0,5,0,1,2,-8.563918699414671,41.35794527295431,1.4657538846673859,-3.636743022501289,0,0,0,66.3,2
37,35,25,-7.769002588729464,2,0,1,2,0,5,3,2,0,20.45357426081958,44.72691285992596,24.04177344003858,-1.5032901276876292,0,0,0,78.6,2
35,12,19,11.844252697172154,0,0,0,0,0,4,1,0,0,6.678257756272846,69.85298802760214,68.89657283136208,-1.001983386204027,1,1,0,47.1,1
44,25,19,44.93066056396907,0,0,0,1,1,4,1,0,0,27.028874436256014,25.167973679610093,26.912718544522335,-14.991231578131366,0,0,0,37.8,1
40,52,23,11.42532840927628,2,0,0,1,0,7,1,1,0,-16.906702269408502,25.632746175689885,50.67256670975033,-1.3864922195868168,0,0,0,46.9,1
22,21,24,-6.1810159497011625,1,0,1,0,0,5,1,1,0,11.802530833559802,19.681378609227785,41.33004910110437,-9.75572048618147,0,0,0,40.6,1
27,36,19,8.527954752431883,1,1,0,0,0,4,1,0,0,18.252401060294453,15.741034074887889,23.846211269861968,-1.681279493818482,0,0,0,35.8,1
35,23,20,-5.712121597401168,1,0,0,0,1,3,0,0,2,10.899361480649404,16.072437795475487,26.899026822967368,-21.074785261317494,0,0,0,32.2,0
1,16,25,25.061930235987052,1,0,0,0,2,9,2,1,0,11.287074668259546,1.6682345671324725,33.3373049488331,-1.5858319271657155,1,0,0,62.5,1
35,39,16,-7.725842791617627,2,0,0,1,0,6,1,1,1,34.45347992715032,42.67980459066457,0.0,-7.0664703434749025,0,0,0,59.2,1
37,45,8,-2.760901310674175,0,0,1,2,1,6,3,1,1,-28.957926423107693,70.78051816571754,48.93949601751011,-0.6747346684564346,0,1,0,63.4,1
47,42,21,39.048345336402406,3,1,0,0,0,4,0,1,0,10.749278197417068,71.92833779276395,27.632398498917397,7.21109794440264,0,0,0,63.5,1
14,39,19,-9.209123682851803,1,0,0,2,0,7,1,0,0,-18.601258923344144,19.657373767243985,49.638343265377834,2.3737091541869138,0,1,0,42.0,1
3,14,17,-26.15320081400405,1,0,1,0,1,6,3,1,0,24.667440612378826,30.10122120249371,37.76401227103913,14.107532824857804,0,0,0,68.2,2
1,31,16,12.374843783907615,3,2,0,1,1,6,0,0,1,-10.434538812133752,57.20015924811434,26.748807650498605,-2.050729784748791,0,0,0,83.1,2
5,5,15,0.9881648948851005,1,1,0,0,2,2,0,1,0,-46.39380447807565,42.7822453557401,33.95097256100298,11.664387450111303,0,1,0,29.0,0
26,35,18,22.785387523248843,1,1,0,1,0,6,1,0,0,25.192283113443906,37.42128208870308,34.0182187465683,18.749819489322295,1,0,1,58.6,1
14,23,26,17.936798368277252,1,4,0,0,1,4,0,0,1,2.0958315329026895,30.37877758083377,59.523801994596084,6.832635876495351,0,0,0,73.6,2
39,29,14,9.20203763391595,0,0,0,0,1,7,2,1,0,15.84585155423525,56.2094260089778,31.253089855573148,2.7088303725490426,0,0,1,34.2,1
27,43,15,8.473914363250108,1,1,1,0,1,8,3,0,0,39.39419585937935,15.685082743283612,35.763310152841726,8.801069178503038,0,0,0,61.5,1
9,11,9,-8.396461233070873,1,1,1,0,0,6,0,0,0,16.170823890509176,43.6557511780274,4.762204345464504,7.3271706443624005,0,0,0,43.3,1
15,18,19,12.083676774831073,0,2,0,0,0,3,1,0,0,11.727417845996872,41.20880916540702,29.05913103403038,17.017402113305618,0,0,0,53.2,1
15,47,22,32.03211953581921,0,2,0,0,0,4,0,1,1,6.9600516569525235,35.780695220300295,59.086202035929816,14.113192433138115,0,0,0,50.3,1
26,12,18,-14.336168534986903,0,0,0,0,0,5,1,1,0,-17.240742642478256,49.17913383380455,38.57642012024296,14.28158094594683,0,0,0,41.9,1
42,9,17,9.86506559096164,1,0,1,0,0,3,1,1,1,3.2645471219013826,35.60727130879042,8.379758604748794,3.6163634058653376,0,1,0,41.5,1
13,10,22,35.95971889336529,2,1,0,1,0,5,3,1,0,51.42576872573683,25.37850338112594,10.523433281835896,7.777172857694778,0,0,0,64.2,1
32,44,20,22.63560233041748,1,1,0,0,0,8,2,0,0,-0.2548230629457571,36.66520356167856,15.170091451786654,7.515367685583543,0,0,0,61.7,1
39,17,19,42.73682240876782,1,1,1,2,1,8,1,2,0,4.567699492688384,6.342133946519112,49.992620871869676,-13.903311629507861,0,0,1,63.0,1
49,38,17,-4.203558245858364,2,1,1,1,1,5,0,1,1,35.6558676263176,46.0288651615382,47.530810245846055,17.96482425795437,1,0,1,90.9,2
32,7,18,-35.76921120987165,2,0,0,1,0,5,0,1,0,-25.908350539843077,50.628126562992335,0.0,-20.37006741922256,0,0,0,38.9,1
4,46,21,15.016295098892176,1,0,0,1,1,8,0,0,1,21.642729121052596,23.18093843396918,28.37228611431758,12.970613206778522,0,0,0,61.1,1
30,13,20,19.064270375662126,0,0,0,1,2,5,0,0,0,-26.955358235711095,18.898798010871076,32.952762007738336,6.7379453560079146,0,0,0,47.1,1
37,40,23,44.21054886181688,1,2,0,0,1,4,0,0,0,16.782151771392112,23.844470179920542,10.757129422813712,-0.9800351887688761,0,1,1,38.0,1
23,42,18,39.7036433676746,1,1,0,1,0,3,0,1,0,7.506992135239567,33.86558640716198,22.1905000611222,8.476662223567518,0,0,0,43.0,1
39,9,26,23.418590575311537,0,3,2,1,1,7,1,0,2,21.472803537556302,38.885947244640754,56.619970982593955,8.859970567212276,0,0,0,100.0,2
45,50,18,29.134755354260843,0,1,0,0,1,4,1,1,0,-14.274436143396603,64.07885499002145,38.17686423629007,-15.30919869454307,1,0,0,52.3,1
15,27,23,5.20446354483402,0,1,0,0,0,4,3,0,0,-3.7707278632145425,61.80363829000079,20.008347193763225,22.82576794914108,1,0,0,60.3,1
43,2,23,-20.477865282980414,2,1,0,1,0,5,0,0,0,22.609164972722827,49.967767971305605,26.253832767839196,4.009932753923334,0,0,0,48.1,1
29,5,19,12.943030434522754,2,1,0,0,1,3,4,1,0,-3.216315363039616,37.18269192228532,25.44253742008874,35.40625226357288,0,0,1,65.7,1
36,29,12,34.56433659069443,3,1,1,0,0,5,1,1,0,24.621335731627063,18.31536645020706,35.639103963709985,14.05679440091389,0,0,0,68.2,2
13,37,21,26.409021745713712,2,1,0,1,1,4,1,0,1,12.601735835152535,65.23347020158272,1.405386875279845,3.6915628568153744,0,0,1,54.1,1
32,38,21,30.845183478984115,1,0,0,0,1,6,1,2,0,-1.8065386744635443,30.54244164771844,16.604894004201057,-6.660550003896649,0,0,0,52.6,1
7,19,16,-0.6938921761688004,0,1,0,0,1,5,0,1,0,1.062208083325145,40.06473441083453,50.707928996094864,1.4482464793018,0,0,0,51.3,1
22,8,22,3.361329049539407,1,0,0,0,0,5,2,1,0,8.077106296709617,46.292342993798584,28.54867026081619,5.097630200157312,0,0,0,54.6,1
28,48,19,22.085637202865083,1,0,0,0,0,2,0,0,2,3.155993491089161,36.10872539670819,13.00183494479749,23.516022160588093,0,0,0,39.5,1
2,45,18,-3.662684862718862,0,0,0,0,1,5,0,0,0,24.06549458212489,55.719752218078796,13.826799166845731,20.17323768034741,0,1,1,33.2,1
42,1,16,-2.8929267483250563,1,2,0,1,1,3,3,0,1,-0.1681452495298501,43.19705499384534,44.41687204261371,9.320838754649248,0,1,0,62.6,1
45,22,17,17.44955590943629,1,0,0,0,0,3,2,0,0,-4.606680376668869,52.79549339850672,19.643894693397677,27.768676369313294,0,0,0,54.3,1
6,52,17,29.022618578922696,0,0,1,0,0,5,1,0,0,28.02553699372294,43.05222006751407,40.21806758173165,-25.22653581440773,0,0,0,42.2,1
28,17,21,5.011783166764781,0,0,0,3,1,4,2,2,0,-1.2868416096013995,34.31780608006583,17.463313582170457,9.479023411396309,0,1,0,54.5,1
28,7,12,-19.079736526340973,2,1,0,0,2,3,0,1,0,-3.8881756458301986,36.33534100739898,7.400702146666909,20.579126859286085,0,0,1,45.7,1
44,25,15,-8.39509787607075,3,0,0,0,0,4,0,0,0,-46.684603634563544,33.87967139016797,34.88895916994906,10.664128799817709,0,1,0,31.2,0
44,45,14,15.091802122327458,1,0,0,0,1,2,1,1,0,-14.869074109286448,11.882855268269903,28.052379881730648,-15.659311703528978,0,0,0,26.9,0
20,4,17,14.78802409664912,2,0,1,1,1,6,0,2,0,-10.449804530590644,16.98524970229489,43.702486768306116,22.452203869249114,0,0,0,61.7,1
30,36,20,16.0309534413837,2,2,0,2,0,7,2,1,0,-3.882873035175445,48.329855644826274,47.682486420627995,13.658879887228082,0,0,0,78.2,2
11,6,27,23.032382264893908,2,0,0,1,1,3,3,0,0,-7.88706276583499,12.331317050612665,22.840662224932043,7.802167442988442,0,0,0,57.7,1
28,31,11,10.14526396356125,2,2,0,0,0,5,1,1,0,29.62710327093693,27.723980773246645,36.97867654702228,4.2370118761850115,0,0,0,54.4,1
25,19,18,16.6264011210078,2,0,2,1,0,4,1,0,0,-9.053248177923813,16.09813574959998,22.223804290812534,30.911828954082566,0,0,0,66.0,1
39,44,20,8.874329429278333,3,0,1,0,0,6,0,2,0,-7.41378014524868,26.76105893530127,42.67293928142776,9.223245612261325,1,1,0,67.9,2
33,39,18,38.71833707323597,0,1,1,0,0,6,1,1,1,11.424392336194103,32.20515252613233,34.66830922214616,-0.3868752223202936,0,0,1,50.8,1
1,27,13,45.80855078043754,1,0,2,2,1,2,2,0,0,-16.23700135843098,27.68779234940343,17.523269652744514,-8.359299012537836,1,0,0,73.0,2
27,10,16,-19.725282059500863,2,1,0,1,0,2,1,2,0,42.40782740662907,9.289440309498687,15.848442179629723,13.605407948920604,1,0,0,75.1,2
13,26,13,3.618701447443666,1,1,2,0,1,5,0,2,1,25.647449405581867,31.660450957763643,35.373358502076705,16.80726753385842,0,0,1,68.7,2
41,19,21,10.818112288517689,2,0,0,3,0,2,2,1,0,-17.69791294637266,17.73986909393786,53.243821053051654,3.7912177627716557,0,0,0,60.1,1
3,39,13,3.3271321996419756,2,1,0,1,2,7,1,2,0,30.30067588907042,23.541970224930175,48.025924224120516,-4.808898717845076,0,0,1,73.0,2
39,3,14,54.823064783271825,4,2,0,1,1,4,0,1,1,34.87757906943898,48.32936275939991,11.139811920401897,21.6207923749687,0,0,1,80.6,2
6,45,18,15.598881952243367,1,1,0,1,1,5,0,0,0,-17.126524212209496,52.19707393623244,13.243134079548877,-9.423815847755655,0,0,0,38.1,1
8,13,19,-10.134295676258596,1,1,0,0,0,7,1,1,2,-17.633665546694136,11.402524956987975,16.190445768671566,30.57223533864772,0,1,0,47.5,1
27,50,24,24.911058489016774,4,1,1,0,0,5,1,0,0,-5.429089209758946,63.235986147406635,18.06874140830694,-7.283473456872439,0,0,0,69.5,2
9,28,22,16.774363471154818,2,0,1,0,0,7,2,1,0,-23.13451263438798,25.81844161905839,0.0,-14.896172193881348,0,1,0,47.3,1
37,20,19,17.60482298883554,0,2,0,2,0,1,0,0,1,-9.166347757301,24.181817828625945,45.8008640825944,-13.105133763087125,0,0,0,44.6,1
33,28,17,55.19690396997976,2,0,0,1,1,3,3,0,1,-0.8027408638123532,18.950213827865944,20.882345292559616,-12.536091596105283,1,0,0,80.2,2
42,8,15,18.769629393870233,0,2,0,0,0,4,1,0,0,19.091351950282583,36.006417349757655,39.24148511795033,-0.3123454565158692,0,0,0,45.2,1
44,41,18,2.408461903150098,1,1,0,0,0,9,0,3,1,9.786961069305496,70.66790450088084,23.684839835658106,-3.5544152184118056,0,0,0,66.2,2
24,39,14,-38.88191065775253,2,1,0,0,0,4,1,0,0,4.7435268562367146,7.28613045884801,29.54068199371099,17.344957547630017,0,0,0,48.0,1
15,1,18,5.865024546412203,0,0,0,0,1,5,0,2,0,-2.6298124883480796,0.0,16.296282431789848,15.349047414052727,0,0,1,22.9,0
32,3,19,42.64924793317972,4,1,0,0,0,6,0,2,0,-20.775026499194293,39.833189463447596,29.434844934035212,-0.12915482621965824,0,0,0,66.3,2
32,13,16,7.720772011095321,3,1,0,1,0,6,0,0,0,21.017789989203717,45.24810511265537,12.575083763709788,46.447381680708176,1,0,0,75.9,2
24,28,19,-46.00124746298758,2,0,0,0,1,3,1,1,0,20.52623145012167,35.948099776673935,29.583208944575247,-0.3146549349899006,0,1,1,26.3,0
41,49,20,-2.4590598048111634,0,0,2,0,0,3,0,0,0,-5.570669001817727,45.724390557493976,59.14446150131912,1.550771029119892,1,0,0,55.9,1
49,25,23,34.8172134728198,1,1,0,0,0,5,0,0,2,-16.22541310473731,14.637302118979292,40.41209436322008,-14.883851273853388,0,0,0,49.6,1
49,33,23,23.64542936405038,1,2,0,3,0,7,0,0,1,42.234297625595836,17.99234409867642,35.82103802052726,1.872435455250413,0,1,0,77.0,2
12,38,20,-10.997022412768388,3,0,1,2,0,6,1,0,0,13.4280699239125,37.23124278510613,3.605183639320117,7.163609679475395,0,0,0,62.7,1
39,6,21,-4.1321194099770455,2,0,0,0,1,6,1,0,0,16.733302409150934,66.64524849311884,41.34512804116,-13.579092514513356,0,0,0,63.5,1
2,44,12,-0.2677164775604197,1,0,0,2,1,4,0,1,2,17.683252935394684,45.09225188162092,43.28906768719507,-3.9816799473357305,1,0,0,90.1,2
3,45,21,-6.567844296573252,1,0,0,1,0,7,2,1,0,-18.454641368788447,45.92967181539641,35.365314190644035,7.57815021965858,0,0,0,49.2,1
49,32,18,-40.741846693489556,1,0,0,1,0,4,2,2,0,40.98408484837106,15.673823079789493,34.28564983476262,-4.3476967074107815,0,0,0,58.8,1
37,45,15,29.089777515496394,1,1,1,1,1,8,3,1,0,-0.8769545247730797,42.60329149097459,27.19637612778285,-7.278228413193236,0,0,1,66.9,2
49,47,15,41.42649891722732,1,0,0,0,1,5,1,0,0,26.084924086436743,13.721313521567645,42.988050316449254,13.949862198855204,0,0,0,53.7,1
17,21,18,-27.961223599118505,1,0,0,0,0,5,0,2,0,40.08551947538911,66.81963244328378,57.94021109973045,-14.949593355862895,0,0,1,55.4,1
49,16,12,41.096323314657866,0,1,0,1,0,4,0,0,1,9.790272704400396,16.785308431459278,36.61056345810832,-12.230913300311187,0,0,0,45.7,1
2,21,16,7.424419965069605,1,1,1,2,0,5,0,0,1,-17.992524992172562,20.66334886702948,10.565656414461458,5.483310768179914,0,0,0,42.9,1
2,11,26,40.62830870419686,1,2,1,0,2,2,2,0,0,-46.85635129668619,8.484638424836948,12.095657116948892,14.846229678363969,0,0,1,41.1,1
28,37,26,10.94876090726115,1,0,0,0,0,3,0,0,1,7.154852195357362,36.54469375201511,44.52479746541929,7.2773355271726805,0,0,0,35.0,1
23,36,10,13.38861480396575,2,0,1,1,2,7,2,0,0,13.50317785011619,35.78824966153595,10.728171899585586,-0.1344215749869484,0,0,0,70.2,2
37,35,21,19.310866174555322,2,0,1,0,0,5,3,0,0,-4.7770529410836176,62.23833946118083,34.02109974621139,-1.2754406688572937,0,0,0,60.3,1
32,19,19,-9.751658128381955,2,2,1,0,0,6,1,1,1,10.985079976052177,48.97546853549176,23.089145171650188,17.146186359571516,1,0,0,85.4,2
33,20,19,39.86685360820054,0,1,0,2,0,7,1,0,0,17.467586439763267,20.766199161409098,8.55528093289388,15.026020061589557,0,0,0,44.3,1
1,18,16,-18.034515951869622,0,0,1,1,0,2,0,0,0,29.866411397481976,50.7211196555111,46.64539177148416,3.6978895258006785,0,0,0,41.9,1
19,47,22,-0.05166861291676561,2,1,2,0,0,7,0,0,1,2.971561395223394,12.616717898166343,44.13540774123791,-0.886661787911251,1,0,0,73.4,2
2,41,17,23.106616941079224,1,1,0,0,0,5,1,0,1,7.002483183878607,22.06964530104843,2.8870139346396293,3.493810697034251,0,0,0,42.9,1
44,49,17,-2.7298810121365964,1,0,0,0,0,5,0,0,0,4.070792752461808,37.13227187730597,39.62886924623656,-7.180764280303045,0,0,0,33.9,1
26,14,22,29.4382810203736,1,1,0,0,0,7,0,0,0,8.73908193319069,14.62604518641323,36.70519989898744,0.8975408804713974,0,1,0,35.7,1
32,15,14,44.39665432959891,1,4,0,0,1,6,3,2,1,-3.290056380325005,54.163859307346556,46.74914404717025,-3.853513407867914,0,1,1,70.4,2
6,31,20,35.31365002634592,1,1,0,0,0,5,1,0,0,-3.3952384588786515,76.02763102726439,33.33563877311285,1.5881725427015623,0,1,0,49.6,1
32,1,13,-38.402882841965535,0,1,0,2,2,0,1,1,0,-2.0105024639906404,29.698602365372533,58.536722835113025,-3.351579775252624,0,1,0,45.0,1
4,3,27,13.146174240483932,0,0,0,1,0,7,1,0,0,11.437857315628928,23.269635463558345,27.466782369384514,10.335326235131994,0,0,0,44.0,1
11,16,20,35.7170652674098,1,0,0,1,2,5,1,1,1,-10.64090861272501,32.66738700786718,24.558112050316666,14.457675597892097,0,0,0,62.2,1
17,23,17,-22.91872117055142,0,0,0,1,1,5,1,0,1,-1.9218665287810186,24.967298086783906,10.504182448043188,-2.3160214830056365,0,0,0,53.3,1
38,11,14,28.090264680721873,3,2,0,1,0,6,1,2,2,47.788979276670986,39.7111478874899,11.321161851639825,-8.366315364134236,0,0,0,94.9,2
24,12,16,26.686519540982804,0,3,0,0,0,8,0,0,1,27.72078549109642,11.19671934734913,9.510300019691229,12.962704278578418,0,0,0,59.9,1
5,10,20,-20.30224729845663,1,1,1,1,0,4,0,0,2,-13.055783699865565,40.733115174824746,34.36799290821545,5.586623379038176,0,0,0,57.4,1
34,32,19,30.855816643504024,0,1,0,2,0,6,1,0,0,27.0228044730585,69.41461829425685,24.618013626470646,-2.134305099238312,0,0,0,55.6,1
6,16,18,16.81744483824837,2,2,0,2,1,4,2,0,0,21.802625629841067,0.0,36.613864533137104,22.2577267870849,0,0,0,71.1,2
22,8,12,26.259544718031716,0,0,0,2,1,1,1,2,0,5.713770747465547,13.964346261074397,5.815024910767924,-4.9104796465309075,0,0,0,53.6,1
11,38,17,-14.157809644128314,0,1,0,0,0,3,1,1,0,-7.5754048341408495,26.988967810029443,12.886155996525442,-24.90110841952247,1,0,0,34.1,1
48,12,18,13.753402909284617,1,1,0,3,0,4,2,2,1,-10.073310474675228,44.75407076856631,12.549132464489809,-6.911431188847972,1,1,0,70.8,2
16,24,19,-32.621963853308095,2,0,0,0,0,5,0,1,1,12.924483801231197,51.02687772377086,73.38541470251367,25.65729867647838,0,0,0,72.6,2
33,28,22,-46.924780188326274,1,3,0,0,1,4,0,1,2,-10.617140568323165,49.57882086501505,26.686373421772625,-1.4478522349353025,0,1,1,49.8,1
9,8,17,13.520710663193746,3,1,0,2,1,5,1,0,0,32.138869252780154,4.549367193290099,28.672673564578943,-4.2161500801034055,0,0,1,58.2,1
6,28,10,37.514940169032755,0,1,2,0,0,2,0,1,0,38.37774494601021,22.86177512126661,28.45093985467454,3.372443697549891,1,0,1,49.4,1
16,36,18,16.323420356627004,3,1,0,0,0,2,1,0,0,7.058301053501967,18.794295653874485,61.05658640397685,17.154883230500623,0,0,0,58.8,1
29,26,15,8.413848401396354,2,0,0,0,0,5,3,0,0,33.053177862286844,33.82642008170316,0.0,1.839400129959783,0,0,0,55.4,1
3,8,23,5.3116469986281665,1,1,0,2,1,5,0,0,0,-1.0540768626604553,35.32904154365878,28.80200951371473,11.278866146720965,0,0,0,59.4,1
20,50,12,-13.56413478607664,1,1,1,1,1,5,1,1,1,-7.71573923225063,10.353911957529604,0.0,0.3502727668846837,0,0,0,53.7,1
36,28,18,4.453477405117343,2,2,1,1,1,6,0,1,0,32.206053963195274,27.08802160845631,0.0,11.388956396049124,0,0,0,67.3,2
19,28,21,20.542111706611113,1,0,1,0,1,4,0,1,0,42.75707302332116,45.449333820722686,15.315201046167155,5.523679114621162,0,1,0,28.9,0
26,37,18,-0.8805558200157115,2,0,1,0,0,9,0,1,2,51.18947571382876,23.690044977388084,38.24327693007006,-2.5718848484491126,0,0,0,71.1,2
3,41,16,28.764671345894413,0,2,0,1,0,7,0,0,0,15.318411572496377,31.39579996297952,14.044385478516183,6.613287672418709,0,0,0,43.8,1
19,36,11,14.899375846615065,1,1,0,1,1,2,1,1,0,26.96642869417174,65.54401675245153,37.91530303050247,-4.595138708006273,0,0,1,53.2,1
20,27,12,17.924485444335165,2,1,0,0,0,3,0,2,1,14.833579026255265,70.82053124334514,32.12952609009655,-16.29463692566348,0,0,0,62.0,1
32,17,20,32.216568838774,0,0,3,0,1,4,2,0,0,38.874330447368976,0.0,27.218688030615837,2.7215708860700576,0,0,0,69.5,2
7,9,14,-3.168885816374761,2,1,1,1,0,6,0,2,0,17.532250935663697,37.05015629597263,55.299271195433164,-15.05124101045789,0,0,0,70.6,2
41,33,12,26.484514654673788,2,0,0,2,0,7,3,0,0,25.711843350564738,87.50658988175581,18.07926900304936,11.364013497404429,0,0,1,63.6,1
33,20,21,0.33808206870064694,0,0,0,0,0,4,0,1,1,-16.97920601446305,43.61924362098637,37.613108427205546,2.4751291958525226,0,0,0,39.3,1
40,13,26,18.487862095471,1,0,0,0,2,5,1,0,0,2.9144189419112063,35.33282106104881,0.0,22.92608727793367,0,0,1,40.5,1
39,28,18,-6.14428376591421,0,1,0,0,1,5,3,0,0,25.899995270129185,58.62838721209367,31.97558875102118,-1.6233195543394547,0,0,0,48.3,1
18,48,22,-12.767595576618305,2,1,0,2,0,3,0,3,0,23.927400369526097,38.92567051630999,24.855679263106094,2.719619244190663,0,0,0,69.6,2
40,29,22,12.29661864121234,0,0,0,0,0,3,2,1,0,27.77587061712041,47.76446861920406,6.355071960231999,-17.574764716051188,0,0,0,36.8,1
1,13,24,-37.13000130052793,0,2,1,2,0,7,0,1,1,10.6544022381995,31.21451909014323,37.96997557456811,-12.45730635638764,0,0,0,68.5,2
11,46,22,2.5933139122779565,0,2,0,1,0,3,0,1,0,-6.344484068976154,38.66318648746851,15.22097952196252,-20.502118672879373,0,0,1,17.0,0
28,35,20,-30.15942514022951,0,1,0,0,2,8,1,0,0,6.703176262583014,42.6793524207596,64.6436915435513,18.0849133560463,0,0,1,52.1,1
25,6,21,29.4808508578402,0,0,0,3,0,8,2,2,0,9.034756008187074,50.58005778213174,0.0,-3.4337604099176664,0,0,0,68.4,2
50,18,9,36.25276490272286,2,1,0,1,2,5,2,1,0,13.31829778771666,27.229027722390455,34.96517083523367,21.579116519507664,0,1,0,79.6,2
23,51,16,-11.598780535520149,1,1,0,0,0,5,1,0,0,-13.293039391471915,26.739816419764196,30.85394548916888,-34.52855587703369,0,0,0,21.8,0
31,5,22,20.707824061837407,5,0,0,1,1,3,1,1,1,2.150935114879445,0.3053163043863094,24.382724888500718,24.67304157961751,0,0,0,78.7,2
30,47,18,32.4783928421873,0,1,0,1,0,3,1,1,0,6.049312591129164,28.031280994703167,19.41528598953976,2.0476795301317035,0,0,0,40.3,1
42,25,21,32.56173056254458,3,1,0,0,0,6,0,1,0,-41.32887649236864,52.15463657175964,31.37256399865511,7.757863445514635,0,1,0,51.2,1
35,2,20,15.361270849291028,0,3,1,0,0,5,1,0,1,26.315105190222905,43.33804020800242,51.243826152543825,-11.881198222564365,0,0,0,62.4,1
7,10,20,28.35761688903742,2,1,0,0,0,4,2,0,0,11.608351046093448,17.05846575669622,0.0,10.382058863722579,0,0,0,42.3,1
16,30,17,-6.233282798009853,1,0,1,0,0,6,1,2,1,13.837015149860818,0.7304754477643911,13.88026206379633,-2.2347980447729494,1,0,0,63.3,1
26,50,21,12.078061641417001,2,0,0,1,0,3,0,0,1,-3.3409188426221768,32.43642676842383,8.99365731355719,-13.715359108633262,1,0,0,52.5,1
48,45,17,-1.6775851697694009,2,0,1,0,1,12,2,0,0,20.897508261665564,51.628001347591585,8.054154605546131,-13.907328940627085,0,0,0,68.6,2
49,5,19,-8.344699344634098,0,1,0,0,0,1,1,0,0,-10.302368126535626,26.379830027423306,36.854980108708524,-14.1549061121522,0,0,0,18.2,0
2,33,21,10.901584786740685,2,1,0,1,0,6,1,0,1,-6.845913373085011,8.991394925375623,41.78674569467698,8.323354341155616,0,0,0,52.9,1
1,1,17,18.68825940395186,2,1,0,0,1,1,2,0,0,21.823261006319523,24.38887089851694,51.302057374640746,-5.89884262206237,0,0,0,60.5,1
48,18,19,39.08771919887467,1,1,0,0,0,6,2,3,5,15.857558195169105,40.87085955048374,42.10195665259169,-19.96131257993772,0,0,0,100.0,2
12,32,14,16.628888182472185,1,0,0,1,0,1,1,1,2,-20.10720583370246,57.363871157462434,43.72283848483533,8.170193196527915,0,0,0,68.5,2
5,47,20,26.04826337403878,0,0,0,0,2,4,0,2,0,42.70215914193679,30.37948949376101,1.7638355851735454,-27.4182133248373,1,0,0,52.1,1
37,49,12,26.332079331238447,1,0,0,1,0,3,1,0,1,-8.686948378609237,53.98806342593144,59.67126483251917,21.607009357917338,0,0,1,54.4,1
32,11,25,77.188359142424,2,3,0,1,1,3,2,2,1,5.082941798330539,51.99275866668352,25.804849384909797,30.809748067825527,0,1,0,85.3,2
9,21,18,-35.25081008181448,2,0,0,1,1,5,2,1,0,46.429322505242936,13.820027167061234,50.65992158192779,-15.37393145737434,0,0,1,55.1,1
41,26,24,-7.198346670929446,0,2,0,0,0,5,1,1,0,-37.31519452262196,57.512746128844725,2.4766596716413147,17.734308842596604,0,0,1,27.3,0
35,25,18,46.851401312202,0,0,0,0,0,5,1,1,0,-29.53773803933207,40.31202980738856,25.171603289635506,7.887372033677059,1,0,0,50.4,1
19,22,19,1.199673128663152,0,1,0,0,0,9,1,1,1,17.722541115947386,13.279705032604056,48.86031817135475,-4.00054147168992,0,1,0,49.2,1
48,27,17,32.14507844004298,0,0,1,3,2,3,1,0,0,-46.52780774878403,66.6949641188792,30.558488853589516,-3.3472138888177287,0,0,0,68.2,2
16,49,15,15.750238094070912,0,0,0,0,1,3,0,0,0,-36.95685705467267,32.7396394172585,14.920602294191825,12.162696380741504,0,0,0,21.4,0
3,13,16,62.63006003020026,4,2,0,0,0,6,1,1,0,33.85347217847111,0.018023258403488285,56.19626670384248,2.4406888335515804,0,1,0,76.9,2
20,33,17,-17.8263606765928,0,1,0,1,0,6,1,0,0,-0.9952141048899783,22.287205737726033,6.571712158120221,-33.31892820229584,0,0,0,28.4,0
24,34,10,40.545013812970325,1,0,1,1,2,3,1,1,1,56.313970304529946,17.855823649125924,29.591465155059772,32.022201642049325,0,0,0,81.5,2
33,41,18,53.73953263181247,1,1,1,2,1,7,0,0,0,-14.76493511717846,22.728681185932377,42.80341421765291,9.06443860378726,0,0,0,64.8,1
24,35,23,-15.360471929199988,1,1,1,2,3,4,1,1,0,0.9934004248494261,26.986662581151556,71.9138065992073,2.271849068561366,0,0,0,87.8,2
11,1,15,29.57175608953366,2,0,1,1,0,1,2,0,0,19.893875975928886,30.36699320687125,20.83288814508588,-7.057925355587811,0,0,1,42.8,1
49,21,21,-14.137449645726392,2,0,0,1,0,7,0,1,0,18.37362665185526,29.689951246691553,24.470974926803265,0.35455294866996434,0,1,0,44.5,1
8,48,13,10.754039313378122,1,0,0,1,0,7,3,3,0,2.392208459245408,33.24526593241294,21.106177332990498,20.768621623916673,1,1,1,51.1,1
36,6,21,3.5853017454456593,2,0,0,1,0,2,1,0,2,-6.266120240733196,45.573080955515984,34.76940317829094,6.66265808364682,0,0,0,60.2,1
38,28,18,-50.0,1,0,1,0,0,5,2,0,0,13.089971135508396,21.564145533908935,41.758565359957295,8.255244742272069,0,0,0,46.6,1
40,17,22,20.60585649279747,1,1,0,0,1,6,1,0,0,38.29148949586869,56.25800955807102,51.86626757336638,-14.48838867505647,1,0,1,57.8,1
20,5,24,13.583479190155773,5,3,1,1,0,9,1,1,0,24.781791170612486,12.946697025709863,45.120955519616196,-1.8948238671741136,1,1,1,89.2,2
35,31,12,46.97697433514401,1,1,1,0,0,3,1,0,2,-5.91430515882297,46.07213940485765,20.052517006994233,3.7147210944068725,0,0,0,51.0,1
48,5,9,25.278591366238565,1,0,0,1,1,4,2,1,0,-13.818998213745477,64.57888389834682,46.26742045258848,12.751928808405584,0,0,0,58.7,1
25,38,26,67.27209810196905,1,0,1,1,0,10,0,0,1,-7.241357729619075,31.80758212448163,31.830912880894562,-2.821426938301159,0,0,0,65.7,1
35,3,12,12.676059551967846,0,2,0,1,1,4,1,1,1,-20.022343478047944,38.48237667778831,44.90504457636409,15.990162716652991,0,0,0,54.3,1
25,23,26,7.361748699942315,0,0,0,0,0,4,1,0,1,11.243008611199377,17.576496973241508,46.047348657917624,-13.020944916836186,0,0,0,37.1,1
29,37,18,5.391083732072604,0,1,0,1,0,4,1,0,3,25.903295932154244,25.787928965749508,62.60251492019654,3.9735085232174643,0,1,1,56.0,1
18,37,30,-0.9897177757943432,2,1,1,1,0,7,0,0,0,6.430520032991129,63.218213669863765,22.908187349940373,1.6333916954216445,0,0,0,75.9,2
46,10,24,-45.19377290956422,0,3,0,0,1,8,0,2,0,45.83486944444934,48.472681298905556,19.088947945262262,-18.217370459398254,0,0,0,64.6,1
18,10,18,4.49513432480106,0,2,0,0,0,6,1,0,0,47.05912065340316,42.53379776169151,38.94326826171441,2.332085806537449,1,0,0,68.1,2
2,19,20,-41.69636816089981,0,0,1,1,0,6,2,2,1,14.770175914225266,0.11645815010214022,53.65033835340626,-5.156463287925925,0,1,1,41.6,1
35,17,21,21.30083361464422,0,0,0,0,0,3,1,0,0,23.44263029048703,22.10348778080148,31.1612766004887,22.79284618490098,0,0,1,25.3,0
16,21,11,-21.00150731176461,1,0,0,0,1,5,1,1,1,-11.81007551532785,66.30185258588335,54.95424583719638,-2.743584502895218,0,0,0,62.0,1
41,14,17,-12.358315577210494,1,2,1,1,0,6,1,0,0,0.06225713553808632,42.39497533623471,43.80116679617333,7.912187484298006,1,1,0,73.2,2
36,9,13,-6.735254870813794,0,0,1,1,0,2,1,1,0,35.98994831086409,44.64071714319286,25.975690442158186,-14.234587759414772,0,0,0,45.8,1
33,46,20,4.876624054668865,2,1,0,1,0,8,1,0,0,-4.74399758034572,38.0699927710299,41.26671006117812,6.311964507785133,0,1,0,58.4,1
4,1,19,10.171706373475924,0,1,0,2,0,5,1,0,0,40.72235575436194,23.966189199196172,21.30346417464527,-2.8106483205336925,1,0,0,74.6,2
33,51,19,37.111989576826765,1,1,1,1,2,4,2,1,1,32.47641024564632,40.98574862821598,34.77200146532201,-7.867870775551669,0,0,1,73.4,2
14,45,26,-4.438252337688844,0,0,2,2,1,4,2,0,1,24.535727143019866,7.456145375194822,8.536817103375288,42.674491247124195,0,0,1,62.0,1
21,13,20,22.00365340555924,3,0,1,0,0,2,1,0,0,-17.79928757251208,6.101815417296599,28.63686739131125,-1.9482864024981694,1,0,0,53.6,1
48,4,20,78.27168083058919,1,1,1,0,2,5,1,1,0,1.1362973504529226,21.765055051204,49.99378307890712,0.032714989464841526,1,0,0,77.1,2
20,1,20,19.433767569080743,2,0,0,0,0,5,1,0,0,22.17259445457081,38.458956248598774,45.34293802871484,15.627908338501925,0,0,0,59.5,1
8,49,17,5.487755276709155,1,2,0,0,0,4,0,0,0,-13.686457639044665,6.745883749487479,42.41683496066677,-7.75797354136407,0,0,0,33.0,0
7,40,22,-9.478791298207433,2,1,0,0,2,2,1,1,0,3.8183005612348406,37.2867684562682,35.74959350029641,8.645811883752174,0,0,0,61.0,1
3,32,17,5.141711364491789,0,0,0,0,0,4,0,0,0,24.546880880808033,17.097933566033515,33.19692099425589,10.144485774218527,0,0,0,27.3,0
17,34,20,-12.155508590235147,1,0,1,1,0,4,5,0,0,-4.499789014290506,19.52314152581789,4.658857958698661,6.425805970463899,0,1,0,46.2,1
33,28,21,16.716535667094313,1,2,0,0,0,1,1,1,0,-10.621998807910256,58.39259259797372,25.878292539227928,35.14875042301102,0,0,0,51.5,1
48,31,17,12.588603465984827,1,1,0,1,1,8,0,3,0,-31.617038093339943,35.67129343677191,33.652315673307925,-8.259766693401362,0,0,0,51.1,1
12,8,12,-44.05548052294483,2,0,1,0,0,4,1,1,2,-0.5059523497147858,18.731503188160133,7.51193008519455,24.5264084220357,0,0,0,63.4,1
22,39,16,9.53604985584831,1,1,0,0,1,10,0,0,0,25.009993281823025,38.36300250969713,0.0,9.609965633957925,0,0,0,61.7,1
22,26,21,36.903657816000326,0,0,0,2,1,6,2,1,1,-11.203880857182948,8.546870527886771,52.57665493886894,15.732294584659094,0,0,0,60.2,1
46,34,17,0.022203694931251405,1,1,1,1,1,3,2,0,1,8.393186342289546,41.881945900397966,31.016770532196784,7.777281203567981,0,0,0,63.4,1
30,3,16,-6.322419310289053,1,0,0,1,2,6,2,0,1,3.0673960205305226,54.9317273572868,34.199585615155655,29.295882924418613,0,0,0,83.2,2
38,50,10,-24.44251932792131,2,1,1,1,0,4,2,1,1,-6.665718231297044,46.91111723038875,41.112536455897455,-1.4810909258098013,0,0,0,72.2,2
38,12,20,-36.44980104061011,0,0,1,0,0,3,2,2,0,26.42952318626953,73.83885747988342,10.356660990301382,9.961083338207157,0,0,0,58.1,1
45,1,17,30.783731676581358,3,0,0,0,1,2,0,0,0,44.12999018564971,0.10896089728012726,21.930084118747438,21.27662116798947,0,0,1,39.9,1
8,44,23,5.463041760520099,2,2,1,2,0,3,4,1,0,30.09543476011747,37.28544344143617,60.08135209040397,-4.823797758997615,0,0,0,88.0,2
27,5,18,29.300539050085572,2,1,0,1,1,5,1,0,1,-7.310600853915723,10.816986863158643,20.226892067765334,17.006113482153683,0,0,0,68.6,2
27,30,16,48.28309361448673,3,1,0,1,2,3,0,0,1,51.832044604610786,31.882014235668226,24.68289409106283,2.7390644216792537,0,0,0,81.5,2
34,30,17,33.03119212275863,2,0,0,3,0,4,2,1,1,30.03086402506144,35.027791431420546,16.610236699956385,-14.288370782681284,0,0,0,73.8,2
21,17,18,-3.5593080359698934,0,1,0,1,0,3,1,0,2,-2.0618555172143953,76.03721869354125,15.182915470386787,-17.322254099698416,0,0,0,44.6,1
30,48,24,13.621691616438884,0,0,0,2,0,6,0,0,2,-9.057180406462102,33.92401201293801,52.10962704684229,1.7285223327446044,0,0,1,49.8,1
33,47,26,-5.3693216289229575,2,2,0,1,0,5,0,0,0,32.66286380458831,33.588256034876295,0.0,16.872391702460867,1,1,1,50.1,1
28,23,26,-7.707211565041579,1,0,0,0,0,5,0,1,0,11.82292244306001,53.092863920421614,20.859723602956045,-26.10557390954524,0,0,0,40.3,1
47,15,11,18.57037906006559,1,0,1,0,0,4,0,1,1,-10.716826671130008,34.049208688503604,34.50820285259985,5.8063005478038505,0,0,0,50.0,1
33,37,15,-10.807347077954315,2,1,0,3,0,4,1,0,0,4.741602451618571,67.96064735458337,63.93582197480576,15.493279888388711,0,0,0,78.6,2
5,21,15,-45.22879047721753,2,2,1,2,0,6,0,1,0,-0.9583299933899472,47.05432080769709,7.2954928822311516,-14.891298394496772,0,1,0,60.5,1
48,14,18,-12.203697393184417,0,0,0,0,0,4,1,1,0,-10.12930061113683,49.913055436760295,3.886573059275168,-5.875532758820036,0,0,0,28.9,0
19,2,19,2.32797128281568,1,0,0,0,0,6,0,1,2,30.320897571752283,1.3838491441023848,12.797993573438703,11.013137182087098,0,1,0,52.1,1
4,11,15,48.03496244579805,0,0,0,2,1,4,2,0,0,25.197932142914894,70.73383073905794,44.03410793579103,14.879531262787829,0,0,1,65.0,1
35,51,12,-2.273436246784133,1,1,0,0,0,5,0,1,1,26.44791250630373,23.183739434562888,32.5057092655738,25.457375110786497,0,0,0,50.2,1
49,39,20,22.79810227573187,3,0,2,1,0,5,3,0,0,26.142748653029287,34.824856984849816,1.147286579736388,-5.208771218200841,0,0,0,71.5,2
17,38,18,5.7922941509482655,0,1,0,0,2,4,1,1,0,-12.152742383567144,23.251329707563748,31.991151951999335,-8.418075962134505,0,0,0,44.6,1
44,34,12,40.660128596759606,2,1,0,1,0,5,0,0,0,-5.2811199795339405,16.56347640869827,61.02875531778578,26.137596505547222,0,0,0,52.1,1
28,38,18,38.927409636598966,3,4,0,1,0,3,1,0,0,40.09046550462857,13.360969390861882,35.28960802146271,-7.569186126516531,0,1,0,58.5,1
30,50,19,39.40437763099799,3,1,1,1,0,4,0,0,1,10.376266693657964,36.85834985658354,33.29115781257293,10.10199710640894,0,0,1,61.3,1
29,34,19,-33.349588235433814,2,1,0,1,0,6,2,0,1,-24.35035526149467,0.0,34.49484239164349,33.56360799004972,0,0,0,57.7,1
46,18,24,15.16810118112486,3,0,1,0,0,6,1,1,0,12.772775207106424,30.629558828384887,38.29005441125732,13.537921710486588,0,1,0,38.9,1
6,30,14,28.97346500304869,0,0,0,1,1,1,1,0,1,22.405407756698928,54.03983565144027,4.657968771963233,13.965783037114212,1,0,0,56.3,1
35,15,17,19.538464064733276,4,0,0,2,0,3,0,0,0,19.52891162214459,46.374960279359314,25.361519957727545,20.89292546671599,0,0,0,62.2,1
41,27,24,25.91490814554573,3,0,1,0,0,4,1,0,0,-12.63313126955606,42.78383697780909,26.404877338471852,10.348146090394314,0,0,1,52.2,1
37,51,14,11.458775107136937,0,1,1,3,0,6,1,0,0,49.50787430366617,18.883078240551942,20.33061960045,14.032985622441444,0,0,0,69.9,2
24,34,15,-8.619605168163176,2,0,1,1,0,4,0,0,1,-25.01308091639256,6.450286538259597,43.72243217547741,-1.7962545979221574,0,0,1,39.6,1
29,52,17,-32.42743462465629,0,1,0,2,0,3,1,0,1,10.43972146359507,53.7522941423887,17.320130734869714,19.239474535779745,0,0,0,55.7,1
49,38,11,-6.139235716211886,1,2,0,0,1,14,0,1,0,46.20416276085382,26.918723313076875,22.80063157151751,8.788742622313869,0,1,0,65.2,1
46,33,17,76.9527468409598,0,1,0,0,2,5,4,1,2,21.01645584657978,33.50458806265009,4.796546386916141,-17.69296726829557,1,0,0,77.2,2
31,24,13,-2.141279402266802,2,0,0,0,0,4,1,0,0,26.39683051912981,31.443297762997535,37.56621119281718,6.4012147729114215,0,0,0,53.4,1
35,15,23,-38.984755652268596,0,2,0,1,0,5,1,0,0,-15.169611281742977,47.10307345785575,48.83805923522041,-27.37507315058378,0,0,0,38.5,1
33,30,11,28.316234018227068,0,0,0,0,3,5,6,0,0,15.635022067131157,68.17968883026725,22.779589647954275,12.99478151922407,0,0,0,76.2,2
21,42,20,31.38650021706612,1,0,0,0,1,7,0,3,1,7.194741420711164,61.322734725621714,46.147808213078065,-0.2697216100693445,0,0,0,74.0,2
32,51,19,42.18310975380351,3,0,0,2,0,7,1,0,0,-16.860971721616025,0.0,27.060864491256083,29.677737340012253,0,0,0,62.9,1
23,17,17,21.774462592669508,1,0,0,0,0,7,1,0,1,27.031572768449166,29.44629851679729,0.0,9.854837705662131,0,0,1,40.2,1
33,5,12,31.140037861673786,2,1,0,2,0,2,3,2,0,-10.028708250314722,10.758616666666299,28.96969330591054,15.938542274335083,0,0,1,58.0,1
3,29,17,56.005428371049774,0,2,0,0,1,5,1,0,0,-7.420341907707595,51.891719436443324,26.488575816319134,-11.689125500658264,0,0,0,44.4,1
18,4,21,-8.636837301552884,0,1,1,0,0,3,0,0,2,17.51674508586666,35.0717026692335,32.05991199523361,12.584046150501862,0,0,1,47.1,1
25,10,12,-13.596267635592937,1,1,0,0,0,7,2,1,0,4.848600195809666,45.9107336876365,35.06370870281184,-5.969212316438684,0,0,0,52.5,1
42,17,19,-17.364663488823222,1,2,1,2,2,2,2,0,1,11.724336520432281,27.905759529959745,16.3215694930105,18.267247446397363,0,0,0,77.0,2
31,10,11,3.3557603376504233,4,1,1,1,0,6,1,0,0,3.501007507063602,16.291311093242367,59.42629955519891,-12.656931164006746,0,0,0,74.0,2
3,17,24,45.8355604956292,0,2,0,2,0,4,0,1,2,39.08733855708893,19.37094682760071,28.676768923888346,4.537302939997061,1,0,1,74.1,2
40,20,16,23.201709193655873,1,1,0,0,1,8,0,1,0,-12.35067423924955,7.405771989360847,26.006726516271684,-13.210354046832244,0,1,0,38.9,1
46,24,16,22.217298817730452,1,0,0,1,0,5,1,2,0,-2.2257931645322806,12.25458674897174,44.89059216602806,4.761339348794111,1,0,0,51.4,1
24,5,18,-35.48269821661809,0,1,0,0,0,1,0,1,0,18.585774266742995,8.462725000846444,30.37079890578068,31.314816684008136,0,1,0,25.7,0
50,34,22,-7.329670680910482,0,2,0,2,0,2,2,0,1,-13.734192340102418,16.357351799363997,81.31683318488797,13.09775312359138,0,0,0,55.5,1
32,6,18,-35.89144082155092,1,2,0,1,1,3,0,1,1,-14.70891441270927,15.338993047438702,25.801844177840774,2.543200973269007,0,1,0,42.4,1
47,2,20,39.28114473303859,1,1,0,1,0,6,1,0,0,11.030365668069022,42.09367589050795,37.036309018277926,-31.47022772739065,1,0,0,61.1,1
22,13,16,49.641162322143316,1,1,0,1,0,8,2,0,0,27.081774336215307,41.387509603789965,15.016946902658779,-4.499619654009932,0,0,0,50.6,1
23,43,20,29.489168181009536,2,0,0,1,0,4,0,0,1,29.953311947473605,42.07407572344734,47.41071086076504,9.645151040602833,0,0,1,54.9,1
2,43,21,-14.669651143488625,4,0,0,0,1,3,0,1,0,10.018277271720205,56.14991652052846,36.17436788387681,-4.152007458433375,0,0,0,63.9,1
27,48,28,47.05056234039476,1,1,0,0,2,6,0,2,0,-6.786918486941186,33.58991795522993,23.220638983533277,22.980103471488164,1,0,1,58.9,1
42,11,20,3.668627249369746,0,0,1,0,0,6,0,0,0,14.06459034795368,20.945337252507578,12.551238027966448,4.001534274308447,1,0,0,44.3,1
2,51,18,-20.361482018816538,2,2,1,0,0,8,1,1,0,20.455042791672145,74.80526436674364,3.8115540079735197,18.100331625566227,1,0,0,83.8,2
26,47,17,-14.110106365292307,3,0,0,1,1,6,1,0,0,13.76093450438602,51.301626259468335,38.374291177515886,5.868612011679742,1,0,0,90.9,2
17,23,16,-0.7539158897959215,0,0,0,0,0,6,0,0,0,35.15173689341026,37.741756277682036,2.2624105894594564,-0.8637500034944963,0,1,0,28.8,0
40,16,14,11.239463012117666,1,0,0,1,0,5,0,1,0,-14.311547835609282,36.491740171861956,56.169483384003264,-3.5985710499854973,0,0,1,34.8,1
33,31,26,5.966394708705157,0,2,0,1,1,4,0,0,0,-7.333472388158375,40.21376337620541,4.7430950046327,-11.170156536511904,0,0,0,35.8,1
9,11,23,-25.31671045427568,1,0,0,3,0,5,0,0,0,32.09768227677192,31.362176953624083,26.432501607834546,18.352584568468735,0,0,1,49.8,1
43,16,20,40.332910229641044,1,1,0,1,0,5,1,2,0,-24.4064362713358,37.308041747068806,12.36917455852334,-2.9921670487588328,0,0,0,52.1,1
48,8,21,6.2348520140789185,1,2,0,0,0,6,1,1,0,-3.8664859957930098,43.98883389108433,30.653724688771533,10.312155782632283,1,0,0,66.9,2
39,4,21,-7.843846406766271,0,1,0,0,1,11,1,1,0,-8.09388648397995,21.922348148620202,30.53014358750609,-4.360429765752649,0,0,0,39.9,1
29,40,15,37.7575590495691,3,2,0,1,1,8,1,0,1,-26.412507829633306,5.58591466693338,38.8960599603915,-12.162404664292456,0,0,0,67.8,2
42,4,16,-19.585154706663282,2,0,0,1,0,7,0,1,0,3.882726297899902,0.0,0.0,10.771971348757972,1,1,0,47.1,1
26,25,26,-30.72225458936287,3,1,1,0,1,7,1,1,0,24.418464917545982,50.98217874080687,14.725946816420857,-7.453854547932542,0,0,0,74.2,2
35,3,15,41.81218616496848,3,0,0,1,0,4,1,2,1,11.439214141464259,6.50736507108585,49.41094902304396,-2.6068214281399236,0,0,0,70.1,2
50,32,17,57.28469623875847,1,0,0,1,1,8,1,1,0,25.591283276645704,43.376191891241774,43.17103204008021,-14.481638796000247,0,0,0,65.5,1
25,3,18,-1.5524004662849578,3,2,0,1,1,6,2,1,0,34.22303128814541,14.221593889133587,0.0,-3.903725522112561,0,0,0,79.6,2
24,27,23,8.85074980207137,1,0,0,0,1,2,1,1,0,-0.48389874080142903,14.51157297092126,37.544591731896915,3.3375003560305267,0,0,1,34.8,1
13,29,26,-18.666617863022587,5,1,0,0,0,4,2,0,2,66.23061250575206,22.072422310896286,9.350700480637947,-1.02487372174342,0,0,0,89.7,2
7,32,22,10.137313756084833,0,0,0,2,0,0,2,0,1,0.40086067059566854,38.49437873610159,18.163542465894277,14.455172630434612,0,0,0,39.9,1
36,50,15,-1.892631593279921,2,0,0,0,1,6,1,0,0,3.3243174314387955,11.805349249203331,25.453448253713283,5.0372904029171774,1,0,0,62.5,1
45,51,17,7.446788999125017,2,0,2,2,0,0,3,1,0,-7.5676518111131,23.895215534705862,61.147803152993326,46.222393355572805,0,0,0,84.2,2
20,19,20,20.231459689931064,2,0,0,0,1,7,1,1,0,19.998568580342827,34.53705670074998,9.146051816334278,8.939508227363945,0,1,0,48.7,1
1,21,23,-17.453636950771166,1,0,0,0,0,9,0,0,0,1.608924782506552,13.2152877647551,1.9221329719969162,-21.296825492347033,1,0,0,36.0,1
8,5,18,0.9547165191858138,0,0,0,1,2,7,0,0,1,6.264371117870086,60.70821586054444,39.00637653561448,0.01964617725097373,0,0,0,59.1,1
46,18,22,-35.09453554445446,2,0,0,1,1,2,1,2,2,3.485313863028817,3.994320633311574,29.43964755332,1.2325259315057697,0,0,0,61.3,1
16,28,18,1.1253178971678004,2,1,0,0,1,4,0,0,0,2.986099961008774,31.072954715885064,54.140064775050966,-5.590837337323981,0,0,0,40.7,1
14,42,13,7.664148227075012,1,0,1,2,0,8,2,0,1,11.48229264676866,57.905731386539024,22.94332188297285,4.0165516793070655,0,0,0,67.7,2
12,22,10,15.724560626526952,0,1,0,0,0,5,2,1,1,-1.9049181668058903,11.159601849968983,54.21634518383996,-6.007558870805262,0,0,0,41.0,1
23,21,17,15.989413509080219,3,1,0,1,0,5,1,1,0,-0.8725028021760348,33.026734691221115,30.32537195436557,7.659477185204733,0,0,0,54.6,1
15,6,18,32.5980687684214,3,0,0,0,0,6,0,1,0,31.602732793661822,37.39145628801047,40.58230217127441,-23.721627978791528,0,0,0,49.4,1
28,1,12,-28.491662981832995,1,1,0,0,0,2,1,0,1,1.5425057946089433,20.478131863954655,62.478869740325365,19.01821860508681,0,1,0,46.8,1
34,5,14,-27.156925748757345,1,3,1,0,0,4,1,0,1,16.438152881556743,33.60531006202605,26.655041905216542,-19.096065266105747,0,0,0,59.7,1
2,41,20,23.22394840981301,3,0,0,0,0,7,2,0,1,-11.568818290745835,45.106000295479134,50.893324713508136,-0.6897777282314967,0,0,0,60.3,1
32,12,10,-40.9740319251354,0,0,0,1,0,3,1,0,0,-1.7831805973631951,26.591467430277973,17.72802856523984,-7.257895047360437,0,1,0,14.0,0
23,26,17,14.582505302624828,0,0,0,2,0,6,1,1,0,-19.116332374794972,48.75793305434695,34.55077907792482,7.282880994663781,1,1,1,49.8,1
22,46,14,-19.507323489747346,1,1,0,1,0,2,1,1,0,48.79753553396021,42.06915692687582,1.1068165663341674,0.4346244497053968,0,0,0,56.6,1
25,34,12,49.320366022929534,4,0,0,0,2,8,0,0,0,38.26011290869717,24.5077963792382,19.913600620415384,6.523109319514953,0,0,0,73.4,2
22,49,10,16.261310193194436,2,2,0,0,0,10,0,1,0,21.100097852131114,55.2941786082059,8.839294822837111,18.55669376035988,0,0,0,74.0,2
22,14,19,4.5210995071734565,1,0,1,1,1,5,2,0,0,55.324259846376236,21.663131953703797,54.415052065094756,13.760616127337462,0,0,0,65.4,1
49,26,20,40.69302192847945,2,0,0,1,0,4,2,0,0,24.94629313042876,50.406079497293845,64.77596721901737,3.508302784381831,0,0,0,65.9,1
42,45,17,-16.58505016427377,3,0,0,0,0,4,1,0,1,4.216533639725924,21.98571743085078,22.905961113361183,9.433108732941262,0,0,0,45.2,1
6,27,24,-11.83524085219521,1,0,1,0,1,8,0,0,0,16.19543267601676,29.31067954084875,14.539236351978184,30.440105263418296,0,0,1,42.1,1
15,9,14,-21.536370841377725,1,1,0,2,0,9,4,0,1,37.93729982054111,32.072402784011416,3.721110065800598,14.259336125557448,0,0,0,76.7,2
43,26,17,-11.625980658724824,4,0,0,1,0,7,1,0,1,-11.366955850175302,41.09449563595451,35.29082752204134,-1.1095310800210436,0,0,0,60.8,1
37,47,21,11.527890234184696,1,3,0,2,1,7,2,0,0,-17.801991319864353,0.0,17.954272906631786,20.890100723461817,0,0,0,66.7,2
33,22,18,22.34879679984301,0,0,0,1,0,3,1,1,0,16.933741665858626,43.244279926817406,19.025673173034647,8.478344491472207,0,0,1,36.7,1
8,47,15,34.03554213418857,0,1,1,1,0,8,0,1,0,-4.910694138072227,33.15537398343663,62.5917723486387,-10.478847917738907,0,0,0,58.0,1
44,30,12,-35.61810117251848,1,0,0,1,0,7,2,1,0,-41.71783008408648,40.14332290297865,24.072026969076358,0.46988793745508106,0,0,0,53.2,1
44,43,14,5.7034253384177065,0,1,0,2,1,2,2,1,0,-19.344533632032505,44.04478982519784,41.732991406773394,-17.61160308876162,0,0,0,51.2,1
5,48,18,-17.70411327977004,0,0,1,2,1,5,0,1,0,1.1486643142220068,42.08855908384275,31.059221798292246,-28.99028145504886,0,0,0,46.2,1
39,17,19,4.8678227127974765,0,1,0,0,1,7,2,0,0,9.060152604453847,0.0,2.8958918531913227,-10.286564077017925,0,0,0,24.6,0
4,26,23,68.354089503176,4,0,0,0,0,6,1,1,0,9.715320186432567,15.901809221815597,0.0,4.716134961526621,0,0,1,51.1,1
6,36,18,17.296544050000374,1,0,0,1,0,1,1,0,0,52.1143194851798,40.99068681786914,39.750441173913565,4.757124242750624,0,1,0,45.5,1
45,1,16,32.486624278706145,0,0,0,2,0,3,0,0,0,3.43224435257594,38.59453153925716,64.08221041733609,-16.76205959175088,0,1,0,25.0,0
32,8,18,59.01728180402617,0,0,0,0,0,4,2,2,1,14.118760769794305,20.788033660706223,36.299750708410016,-30.302666981621826,0,0,0,41.4,1
30,49,17,38.183956079368954,0,2,0,0,1,4,0,1,0,-27.769624602238913,48.27750560107786,42.48180366368271,23.590674640490043,0,1,0,42.4,1
47,35,16,-1.197861992174614,0,0,0,0,1,3,3,0,0,7.315018157063935,30.384346955685555,11.905873888290394,4.334103668243278,0,0,0,38.6,1
35,52,17,-21.895802164248455,1,0,0,0,0,7,2,3,0,15.352376749778857,50.943074369873386,50.29788684126018,24.779967690827483,0,0,0,70.7,2
40,15,23,9.246393261978723,0,0,0,0,1,9,0,0,0,-22.25570858158617,56.780383606023385,50.05008909764078,23.980275355699845,1,1,0,47.6,1
16,47,25,-4.192644605467136,0,0,0,2,0,4,1,0,0,-12.547823112013042,40.00943692813719,16.076030553916425,13.285935346021935,1,0,0,51.1,1
13,22,20,-28.113032165479353,1,0,1,0,1,3,2,0,0,18.761709944411145,44.99994467298602,40.90817547666255,3.8280101436850957,1,0,0,68.2,2
50,14,24,16.023124932236716,1,2,2,0,0,4,0,0,0,-4.019177814862054,24.047718534219307,0.0,-2.567111398736154,1,0,0,56.1,1
42,26,19,16.647157451483324,0,1,0,2,1,4,0,2,0,5.744081026780566,51.05977771057974,44.47823933517974,13.060351325500523,0,0,0,61.2,1
30,28,18,54.22791750658216,0,0,0,0,0,6,0,0,0,19.897105417097553,38.92623865425806,18.551648284399086,0.7619898782996675,0,0,0,36.4,1
19,23,21,0.9559232790796575,1,0,0,1,0,3,3,1,0,52.811187779507954,29.69520130080474,5.457417261799588,-5.254669675846813,0,0,0,51.2,1
17,14,20,17.00303472423623,2,0,0,0,2,10,2,1,0,3.1207255762753725,13.061270002082196,38.052799139840076,-26.370665580044104,0,0,1,42.9,1
19,24,11,-6.637135367255386,1,2,0,1,1,5,1,0,1,46.92235773530374,26.262055356126204,0.0,1.8365256821675258,1,0,0,83.1,2
28,2,10,31.829235767336648,0,2,1,0,0,5,1,1,0,-35.093020548503056,15.029440192884618,36.84827161536647,18.35339242494582,0,0,0,38.9,1
26,45,21,6.884555095246757,1,0,0,2,0,3,1,0,0,11.26398289100368,48.7068153009085,7.354417409102076,20.630432118530713,1,1,0,54.7,1
37,26,15,-19.314790221318564,1,0,1,1,1,2,2,0,0,0.6500374439049184,56.96773837259957,3.07447753536281,3.7459019479081777,0,0,0,53.0,1
26,14,22,9.663204458371052,1,1,0,1,1,7,1,2,1,-3.714097649504744,51.492845580737665,31.197059227593684,-9.44194490849417,0,0,0,71.6,2
23,51,13,19.763072439125025,1,1,1,2,0,5,2,0,1,22.47748666225078,79.7483644329981,26.548974849702645,15.638413977263204,0,0,0,84.8,2
9,7,11,16.381834685339072,1,1,0,3,0,4,1,1,1,3.278345361525158,26.712675413054477,59.13578902181014,2.784883732945622,0,0,0,56.2,1
12,3,22,36.147417887396735,2,2,0,2,0,6,0,1,0,-36.548973367650774,45.7383022079039,4.303974997547613,-2.119454686172518,0,0,0,53.8,1
1,47,30,-26.201409301017243,2,1,0,1,0,5,6,0,0,-26.944123461512817,13.735610637508785,57.50108982329418,-17.38280887252128,0,0,0,58.4,1
1,23,22,-11.068564750373536,4,1,1,0,1,4,1,1,0,23.884593083841764,31.4494884736586,7.247107914614457,32.45266067724111,1,0,0,91.4,2
47,46,16,25.994683294888432,0,0,0,1,1,7,2,1,0,-28.019013952329395,8.407714240612215,48.38884832850081,13.337578286847522,0,1,1,32.3,0
34,43,12,-8.131724449026784,2,1,0,1,0,4,1,0,1,24.47406598597712,45.22749771148622,52.12185045706748,14.847479120015002,0,0,0,75.4,2
32,47,22,16.01178123325517,2,2,0,1,0,2,1,1,0,10.745016734045437,28.601150067544378,36.42917571781851,-9.079329690513479,0,0,0,59.6,1
48,45,18,-50.0,2,1,1,0,0,3,2,1,0,4.2537402998323754,0.0,14.180922389231716,4.116495344838972,1,0,0,55.1,1
25,18,19,77.89866430782206,2,0,0,0,0,8,0,1,1,6.207568189637999,22.669668027168846,0.0,1.8590858765671079,0,0,0,49.7,1
40,38,21,3.257036711066596,0,0,0,2,2,5,0,0,0,19.324676443961835,67.27605789693493,0.0,13.949324554273858,0,0,0,63.8,1
45,35,20,39.84890649970695,1,4,0,1,0,6,0,1,0,-17.904691419341706,42.38773797051625,67.0458190814177,22.03605838602728,0,0,0,71.1,2
1,51,16,1.5775543604127211,2,0,1,1,1,2,1,0,0,8.930404067949963,48.84366793320349,24.0629021253606,-17.079018362997573,0,0,0,53.9,1
16,15,14,20.36746321827217,1,1,0,1,0,3,1,1,0,-17.069061469787844,37.25981502739574,7.906649045449697,-12.045486371763491,0,0,0,41.9,1
39,25,17,47.29799115863181,1,0,0,1,0,3,0,0,0,11.600185072063093,31.731939411285815,7.136787879198394,12.04032990529067,0,0,0,44.6,1
5,37,14,39.14515048020964,1,0,1,1,1,7,0,0,1,22.222489296363737,35.280422248571924,33.35724787213521,-4.112411032194262,1,1,0,64.7,1
22,28,14,4.888625507869386,1,1,1,0,0,5,0,0,0,11.650808981870929,39.417789036028125,22.102957927918176,14.408237650246775,1,1,0,50.7,1
29,10,20,6.618641865157689,0,0,1,1,1,2,3,0,0,21.38924760647296,15.26025597918171,0.0,-2.2228308213481407,0,0,0,34.8,1
3,39,15,35.08916400458213,0,1,0,2,0,2,0,1,1,-7.400326372052321,48.735116283293976,47.29081338926899,-14.482844829449952,1,0,0,61.7,1
12,17,17,68.33111010713253,0,1,0,2,0,7,2,1,0,6.632038804947306,55.19289485577466,36.699671109958494,-21.630892842970802,0,0,1,52.8,1
26,39,21,14.807066859976029,1,1,0,1,1,8,1,0,1,2.7645321112522883,31.46139085500204,66.79821998337766,9.777790880549215,0,0,0,67.8,2
16,22,20,58.926591013541035,3,0,1,3,2,4,0,1,1,1.3243334829861855,25.585272266901455,52.81582895109078,10.121107609663868,0,0,0,100.0,2
37,26,26,3.9646397394948467,1,1,0,0,1,4,1,0,1,-9.614105617941544,21.645638006393533,0.0,16.58302039179705,0,0,0,46.2,1
22,44,13,33.79900908774505,1,0,0,1,0,4,1,0,0,-1.5000960873487355,66.66589886412372,58.339479476751265,7.590230488346418,0,0,0,52.9,1
29,25,14,37.52889405618217,3,1,0,1,0,3,1,0,1,-16.479501090143025,26.85912489451598,54.149824985490746,-40.0,0,0,0,53.2,1
14,17,18,-0.2490125963193357,1,2,1,0,0,4,1,0,0,-29.27140256014077,46.75965765586173,15.272544952879999,10.048077509856753,0,1,0,32.5,0
28,13,18,-8.676951982541041,0,1,0,0,0,6,3,1,0,-7.4157665318967165,31.587673481312194,21.348484857538413,-17.404404503119846,0,0,0,36.8,1
5,20,19,38.634729713683825,1,0,0,2,0,5,1,2,0,21.771112273185608,30.614658997077257,38.23450214482484,-23.14805197423554,0,0,0,57.4,1
47,25,24,-3.2889234310764195,0,0,0,0,0,5,0,0,0,13.149451803224958,21.23450539629699,9.715699824063435,-24.834164664900943,0,0,1,7.4,0
49,4,21,-12.358747816885067,0,1,0,0,1,3,1,2,2,-19.6452704934396,17.534609070307713,25.145422635743394,-26.122631616986208,0,1,1,28.9,0
30,10,17,-7.0989875449774225,4,0,0,1,1,6,1,0,0,-0.9322497743685059,48.3185736844379,50.00074891651827,6.9056934268190835,0,0,1,61.1,1
46,3,15,-3.3903334606352917,1,0,0,1,0,4,2,0,0,23.234215510015204,17.127395359458752,40.35455817380161,-7.236579372796562,1,0,0,48.9,1
5,41,17,31.41542761564194,0,1,1,1,0,2,1,0,1,-1.8668101353162072,43.32534631265741,16.66430472076521,-18.267474077395896,0,0,1,35.4,1
12,45,14,22.876066831904694,2,1,0,1,0,5,1,1,0,-23.190856248835928,36.63051062266694,50.455211132824495,3.3231557798336686,0,0,0,58.2,1
16,18,21,27.891456118947275,0,2,0,1,0,7,3,0,0,57.66782802111554,48.54749362062626,36.057905250858624,-12.483065144119381,0,0,0,63.9,1
26,47,14,20.534495277452066,0,1,1,2,3,8,0,1,0,4.326905725635095,24.020829609369997,35.37410905893747,16.734992934301992,0,0,0,75.5,2
26,36,22,-4.84600405616597,0,1,0,2,1,0,0,0,0,-17.598735799978368,54.44259499736171,19.701352740375917,23.303071233671922,1,0,0,59.9,1
